variant,coh_cln_off,coh_gtp_off,snr_cln_off_db,snr_gtp_off_db
baselineOFF,0.2718719817959574,0.27644319404016926,10.193159107166636,10.512493943215219
